Movie,Description,Year,Director,Actor,Filming location,Country
Gone in 60 seconds,A retired master car thief must come back to the industry and steal fifty cars with his crew in one night to save his brother's life.,2000,Dominic Sena,Nicolas Cage,Los Angeles,US
Gone in 60 seconds,A retired master car thief must come back to the industry and steal fifty cars with his crew in one night to save his brother's life.,2000,Dominic Sena,Leonardo Di Caprio,Los Angeles,US
Gone in 60 seconds,A retired master car thief must come back to the industry and steal fifty cars with his crew in one night to save his brother's life.,2000,Dominic Sena,Giovani Ribisi,Los Angeles,US
Gone in 60 seconds,A retired master car thief must come back to the industry and steal fifty cars with his crew in one night to save his brother's life.,2000,Dominic Sena,Nicolas Cage,Lone Pine,US
Gone in 60 seconds,A retired master car thief must come back to the industry and steal fifty cars with his crew in one night to save his brother's life.,2000,Dominic Sena,Leonardo Di Caprio,Lone Pine,US
Gone in 60 seconds,A retired master car thief must come back to the industry and steal fifty cars with his crew in one night to save his brother's life.,2000,Dominic Sena,Giovani Ribisi,Lone Pine,US
Inception,A thief who steals corporate secrets through the use of dream-sharing technology is given the inverse task of planting an idea into the mind of a CEO.,2010,Christopher Nolan,Leonardo Di Caprio,Los Angeles,US
Inception,A thief who steals corporate secrets through the use of dream-sharing technology is given the inverse task of planting an idea into the mind of a CEO.,2010,Christopher Nolan,Joseph Gordon Levitt,Los Angeles,US
Inception,A thief who steals corporate secrets through the use of dream-sharing technology is given the inverse task of planting an idea into the mind of a CEO.,2010,Christopher Nolan,Ellen Page,Los Angeles,US
Inception,A thief who steals corporate secrets through the use of dream-sharing technology is given the inverse task of planting an idea into the mind of a CEO.,2010,Christopher Nolan,Giovani Ribisi,Los Angeles,US
Inception,A thief who steals corporate secrets through the use of dream-sharing technology is given the inverse task of planting an idea into the mind of a CEO.,2010,Christopher Nolan,Leonardo Di Caprio,BedfordShire,UK
Inception,A thief who steals corporate secrets through the use of dream-sharing technology is given the inverse task of planting an idea into the mind of a CEO.,2010,Christopher Nolan,Joseph Gordon Levitt,BedfordShire,UK
Inception,A thief who steals corporate secrets through the use of dream-sharing technology is given the inverse task of planting an idea into the mind of a CEO.,2010,Christopher Nolan,Ellen Page,BedfordShire,UK
Inception,A thief who steals corporate secrets through the use of dream-sharing technology is given the inverse task of planting an idea into the mind of a CEO.,2010,Christopher Nolan,Giovani Ribisi,BedfordShire,UK
